cellular_organisms	Eukaryota
cellular_organisms	Archaea
cellular_organisms	Bacteria
Archaea	Euryarchaeota
Eukaryota	Opisthokonta
Bacteria	Fusobacteria
Bacteria	unclassified_Bacteria
Bacteria	Spirochaetes
Bacteria	Proteobacteria
Bacteria	FCB_group
Bacteria	PVC_group
Bacteria	Aquificae_ccnu
Bacteria	Acidobacteria
Bacteria	Terrabacteria_group
Bacteria	Synergistetes
Synergistetes	Synergistia
Opisthokonta	Fungi
Terrabacteria_group	Firmicutes
Terrabacteria_group	Actinobacteria_ccnu
Terrabacteria_group	Deinococcus-Thermus
Terrabacteria_group	Tenericutes
PVC_group	Verrucomicrobia
PVC_group	Planctomycetes
Acidobacteria	Acidobacteriia
Spirochaetes	Spirochaetia
Aquificae_ccnu	Aquificae
Euryarchaeota	Methanomada_group
unclassified_Bacteria	Bacteria_candidate_phyla
FCB_group	Bacteroidetes/Chlorobi_group
Fusobacteria	Fusobacteriia
Proteobacteria	delta/epsilon_subdivisions
Proteobacteria	Betaproteobacteria
Proteobacteria	Alphaproteobacteria
Proteobacteria	Gammaproteobacteria
Tenericutes	Mollicutes
Fungi	Dikarya
Bacteria_candidate_phyla	Candidatus_Saccharibacteria
Gammaproteobacteria	Alteromonadales
Gammaproteobacteria	Vibrionales
Gammaproteobacteria	Cardiobacteriales
Gammaproteobacteria	Oceanospirillales
Gammaproteobacteria	Xanthomonadales
Gammaproteobacteria	Pasteurellales
Gammaproteobacteria	Chromatiales
Gammaproteobacteria	Pseudomonadales
Gammaproteobacteria	Nevskiales
Gammaproteobacteria	Aeromonadales
Gammaproteobacteria	Enterobacterales
Methanomada_group	Methanococci
Methanomada_group	Methanobacteria
Alphaproteobacteria	Caulobacterales
Alphaproteobacteria	Rhodospirillales
Alphaproteobacteria	Rhodobacterales
Alphaproteobacteria	Rhizobiales
Alphaproteobacteria	Sphingomonadales
Aquificae	Desulfurobacteriales
Planctomycetes	Planctomycetia
Spirochaetia	Brachyspirales
Synergistia	Synergistales
Deinococcus-Thermus	Deinococci
Acidobacteriia	Acidobacteriales
Firmicutes	Tissierellia
Firmicutes	Clostridia
Firmicutes	Erysipelotrichia
Firmicutes	Negativicutes
Firmicutes	Bacilli
Actinobacteria_ccnu	Coriobacteriia
Actinobacteria_ccnu	Actinobacteria
delta/epsilon_subdivisions	Deltaproteobacteria
delta/epsilon_subdivisions	Epsilonproteobacteria
Betaproteobacteria	Burkholderiales
Betaproteobacteria	Nitrosomonadales
Betaproteobacteria	Neisseriales
Bacteroidetes/Chlorobi_group	Bacteroidetes
Bacteroidetes/Chlorobi_group	Chlorobi
Verrucomicrobia	Verrucomicrobiae
Fusobacteriia	Fusobacteriales
Burkholderiales	Burkholderiaceae
Burkholderiales	Sutterellaceae
Burkholderiales	Comamonadaceae
Burkholderiales	Oxalobacteraceae
Burkholderiales	unclassified_Burkholderiales
Chlorobi	Chlorobia
Epsilonproteobacteria	Campylobacterales
Oceanospirillales	Halomonadaceae
Cardiobacteriales	Cardiobacteriaceae
Pseudomonadales	Pseudomonadaceae
Pseudomonadales	Moraxellaceae
Clostridia	Halanaerobiales
Clostridia	Clostridiales
Dikarya	Ascomycota
Bacteroidetes	Bacteroidia
Bacteroidetes	Sphingobacteriia
Bacteroidetes	Flavobacteriia
Methanococci	Methanococcales
Methanobacteria	Methanobacteriales
Deinococci	Thermales
Deinococci	Deinococcales
Negativicutes	Selenomonadales
Negativicutes	Acidaminococcales
Negativicutes	Veillonellales
Planctomycetia	Planctomycetales
Chromatiales	Ectothiorhodospiraceae
Chromatiales	Chromatiaceae
Rhizobiales	Rhizobiaceae
Rhizobiales	Rhodobiaceae
Rhizobiales	Phyllobacteriaceae
Rhizobiales	Bartonellaceae
Brachyspirales	Brachyspiraceae
Aeromonadales	Succinivibrionaceae
Aeromonadales	Aeromonadaceae
Synergistales	Synergistaceae
Nitrosomonadales	Gallionellaceae
Mollicutes	Mycoplasmatales
Alteromonadales	Shewanellaceae
Alteromonadales	Pseudoalteromonadaceae
Coriobacteriia	Coriobacteriales
Coriobacteriia	Eggerthellales
Desulfurobacteriales	Desulfurobacteriaceae
Tissierellia	Tissierellales
Rhodobacterales	Rhodobacteraceae
Vibrionales	Vibrionaceae
Erysipelotrichia	Erysipelotrichales
Rhodospirillales	unclassified_Rhodospirillales
Bacilli	Bacillales
Bacilli	Lactobacillales
Neisseriales	Chromobacteriaceae
Neisseriales	Neisseriaceae
Xanthomonadales	Rhodanobacteraceae
Xanthomonadales	Xanthomonadaceae
Pasteurellales	Pasteurellaceae
Acidobacteriales	Acidobacteriaceae
Actinobacteria	Micrococcales
Actinobacteria	Bifidobacteriales
Actinobacteria	Corynebacteriales
Actinobacteria	Actinomycetales
Actinobacteria	Propionibacteriales
Candidatus_Saccharibacteria	Candidatus_Saccharibacteria_noname_class
Candidatus_Saccharibacteria	Candidatus_Saccharibacteria_noname_class_ccnu
Candidatus_Saccharibacteria	Candidatus_Saccharibacteria_noname_class_ccnu2
Enterobacterales	Yersiniaceae
Enterobacterales	unclassified_Enterobacterales
Enterobacterales	Morganellaceae
Enterobacterales	Enterobacteriaceae
Enterobacterales	Erwiniaceae
Verrucomicrobiae	Verrucomicrobiales
Nevskiales	Sinobacteraceae
Deltaproteobacteria	Desulfovibrionales
Sphingomonadales	Erythrobacteraceae
Sphingomonadales	Sphingomonadaceae
Caulobacterales	Caulobacteraceae
Fusobacteriales	Fusobacteriaceae
Fusobacteriales	Leptotrichiaceae
Pseudoalteromonadaceae	unclassified_Pseudoalteromonadaceae
Pseudoalteromonadaceae	Pseudoalteromonas
Propionibacteriales	Nocardioidaceae
Propionibacteriales	Propionibacteriaceae
Bartonellaceae	Bartonella
Deinococcales	Deinococcaceae
Xanthomonadaceae	Pseudoxanthomonas
Xanthomonadaceae	Xanthomonas
Halanaerobiales	Halobacteroidaceae
Bacillales	Staphylococcaceae
Bacillales	Alicyclobacillaceae
Bacillales	Bacillaceae
Bacillales	Bacillales_incertae_sedis
Methanobacteriales	Methanobacteriaceae
Sutterellaceae	unclassified_Sutterellaceae
Sutterellaceae	Parasutterella
Sutterellaceae	Sutterella
Ectothiorhodospiraceae	Spiribacter
Veillonellales	Veillonellaceae
Acidaminococcales	Acidaminococcaceae
Clostridiales	Lachnospiraceae
Clostridiales	Ruminococcaceae
Clostridiales	Clostridiaceae
Clostridiales	Eubacteriaceae
Clostridiales	unclassified_Clostridiales
Clostridiales	Peptostreptococcaceae
Clostridiales	Clostridiales_incertae_sedis
Clostridiales	Oscillospiraceae
Clostridiales	Clostridiales_noname_family
Chlorobia	Chlorobiales
Mycoplasmatales	Mycoplasmataceae
Rhizobiaceae	Shinella
Phyllobacteriaceae	Mesorhizobium
Chromobacteriaceae	Chromobacterium_group
unclassified_Rhodospirillales	Enhydrobacter
Shewanellaceae	Shewanella
Lactobacillales	Enterococcaceae
Lactobacillales	Leuconostocaceae
Lactobacillales	Streptococcaceae
Lactobacillales	Lactobacillaceae
Lactobacillales	Aerococcaceae
Lactobacillales	Carnobacteriaceae
Ascomycota	saccharomyceta
Campylobacterales	Campylobacteraceae
Campylobacterales	Helicobacteraceae
Rhodanobacteraceae	Rhodanobacter
unclassified_Enterobacterales	Plesiomonas
Morganellaceae	Proteus
Morganellaceae	Providencia
Morganellaceae	Morganella
Gallionellaceae	unclassified_Gallionellaceae
Corynebacteriales	Corynebacteriaceae
Actinomycetales	Actinomycetaceae
unclassified_Burkholderiales	unclassified_Burkholderiales__miscellaneous
Vibrionaceae	Vibrio
Thermales	Thermaceae
Burkholderiaceae	Lautropia
Burkholderiaceae	Burkholderia
Burkholderiaceae	Cupriavidus
Sphingobacteriia	Sphingobacteriales
Bacteroidia	Bacteroidales
Enterobacteriaceae	Cronobacter
Enterobacteriaceae	Escherichia
Enterobacteriaceae	Klebsiella
Enterobacteriaceae	unclassified_Enterobacteriaceae
Enterobacteriaceae	Enterobacter
Enterobacteriaceae	Shigella
Enterobacteriaceae	Citrobacter
Enterobacteriaceae	Raoultella
Leptotrichiaceae	Leptotrichia
Leptotrichiaceae	unclassified_Leptotrichiaceae
Erwiniaceae	Buchnera
Erwiniaceae	Pantoea
Flavobacteriia	Flavobacteriales
Acidobacteriaceae	Granulicella
Acidobacteriaceae	unclassified_Acidobacteriaceae
Desulfovibrionales	Desulfovibrionaceae
Oxalobacteraceae	Candidatus_Zinderia
Oxalobacteraceae	Oxalobacter
Synergistaceae	Fretibacterium
Synergistaceae	Pyramidobacter
Synergistaceae	Synergistes
Caulobacteraceae	Caulobacter
Caulobacteraceae	Brevundimonas
Aeromonadaceae	Aeromonas
Pasteurellaceae	Haemophilus
Pasteurellaceae	Actinobacillus
Pasteurellaceae	Aggregatibacter
Neisseriaceae	Neisseria
Neisseriaceae	Kingella
Rhodobacteraceae	Paracoccus
Desulfurobacteriaceae	unclassified_Desulfurobacteriaceae_genus
Verrucomicrobiales	Akkermansiaceae
Selenomonadales	Selenomonadaceae
Brachyspiraceae	Brachyspira
Sinobacteraceae	unclassified_Sinobacteraceae
Comamonadaceae	Limnohabitans
Comamonadaceae	Variovorax
Comamonadaceae	Polaromonas
Comamonadaceae	Comamonas
Micrococcales	Dermabacteraceae
Micrococcales	unclassified_Micrococcales
Micrococcales	Micrococcaceae
Micrococcales	Dermatophilaceae
Micrococcales	Microbacteriaceae
Micrococcales	Brevibacteriaceae
Planctomycetales	Planctomycetaceae
Moraxellaceae	Acinetobacter
Succinivibrionaceae	Succinatimonas
Succinivibrionaceae	unclassified_Succinivibrionaceae
Pseudomonadaceae	Pseudomonas
Chromatiaceae	Rheinheimera
Bifidobacteriales	Bifidobacteriaceae
Halomonadaceae	Halomonas
Eggerthellales	Eggerthellaceae
Methanococcales	Methanocaldococcaceae
Tissierellales	Peptoniphilaceae
Sphingomonadaceae	Sphingobium
Sphingomonadaceae	Sphingopyxis
Sphingomonadaceae	Citromicrobium
Candidatus_Saccharibacteria_noname_class	Candidatus_Saccharibacteria_noname_order
Candidatus_Saccharibacteria_noname_class_ccnu	Candidatus_Saccharibacteria_noname_order_ccnu
Candidatus_Saccharibacteria_noname_class_ccnu2	Candidatus_Saccharibacteria_noname_order_ccnu2
Rhodobiaceae	unclassified_Rhodobiaceae
Fusobacteriaceae	Fusobacterium
Fusobacteriaceae	Cetobacterium
Coriobacteriales	Atopobiaceae
Coriobacteriales	Coriobacteriaceae
Yersiniaceae	Serratia
Yersiniaceae	Yersinia
Cardiobacteriaceae	unclassified_Cardiobacteriaceae_genus
Erysipelotrichales	Erysipelotrichaceae
Erythrobacteraceae	unclassified_Erythrobacteraceae
Fusobacterium	Fusobacterium_nucleatum
Fusobacterium	Fusobacterium_ulcerans
Fusobacterium	Fusobacterium_varium
Fusobacterium	Fusobacterium_periodonticum
Fusobacterium	Fusobacterium_mortiferum
Fusobacterium	Fusobacterium_necrophorum
Fusobacterium	Fusobacterium_gonidiaformans
Akkermansiaceae	Akkermansia
Brevundimonas	unclassified_Brevundimonas_species
Acidaminococcaceae	Acidaminococcus
Acidaminococcaceae	Phascolarctobacterium
Acidaminococcaceae	unclassified_Acidaminococcaceae
Shigella	Shigella_sonnei
Shigella	Shigella_flexneri
Mycoplasmataceae	Mycoplasma
Peptostreptococcaceae	unclassified_Peptostreptococcaceae
Peptostreptococcaceae	Peptostreptococcus
Peptostreptococcaceae	Peptostreptococcaceae_noname_genus_ccnu2
Peptostreptococcaceae	Peptostreptococcaceae_noname_genus_ccnu
Peptostreptococcaceae	Peptostreptococcaceae_noname_genus_ccnu2
Peptostreptococcaceae	Peptostreptococcaceae_noname_genus_ccnu2
Peptostreptococcaceae	Peptostreptococcaceae_noname_genus_ccnu2
Peptostreptococcaceae	Peptostreptococcaceae_noname_genus
Polaromonas	unclassified_Polaromonas_species
Serratia	Serratia_marcescens
Methanobacteriaceae	Methanosphaera
Methanobacteriaceae	Methanobrevibacter
Atopobiaceae	Olsenella
Atopobiaceae	Atopobium
Coriobacteriaceae	unclassified_Coriobacteriaceae
Coriobacteriaceae	Collinsella
Coriobacteriaceae	Coriobacteriaceae_noname_genus
Cupriavidus	unclassified_Cupriavidus_species
Campylobacteraceae	Campylobacter
Helicobacteraceae	Helicobacter
Veillonellaceae	Megasphaera
Veillonellaceae	Anaeroglobus
Veillonellaceae	Veillonella
Veillonellaceae	Dialister
Selenomonadaceae	Selenomonas
Selenomonadaceae	Mitsuokella
Selenomonadaceae	Megamonas
Leptotrichia	unclassified_Leptotrichia_species
Xanthomonas	Xanthomonas_axonopodis
Xanthomonas	Xanthomonas_citri_group
Raoultella	Raoultella_ornithinolytica
Oscillospiraceae	Oscillibacter
Synergistes	Synergistes_sp_3_1_syn1
Bacteroidales	Dysgonamonadaceae
Bacteroidales	Tannerellaceae
Bacteroidales	Bacteroidaceae
Bacteroidales	Porphyromonadaceae
Bacteroidales	Prevotellaceae
Bacteroidales	Rikenellaceae
Bacteroidales	Odoribacteraceae
Bacteroidales	Barnesiellaceae
Bacteroidales	Bacteroidales_noname_family
Bifidobacteriaceae	Scardovia
Bifidobacteriaceae	Alloscardovia
Bifidobacteriaceae	Bifidobacterium
Bifidobacteriaceae	Gardnerella
Bifidobacteriaceae	Parascardovia
Streptococcaceae	Streptococcus
Streptococcaceae	Lactococcus
Kingella	unclassified_Kingella_species
Spiribacter	unclassified_Spiribacter_species
Lactobacillaceae	Pediococcus
Lactobacillaceae	Lactobacillus
Vibrio	Vibrio_furnissii
Vibrio	Vibrio_kanaloae
Rhodanobacter	unclassified_Rhodanobacter_species
Klebsiella	Klebsiella_oxytoca
Klebsiella	Klebsiella_pneumoniae
Klebsiella	Klebsiella_variicola
Klebsiella	unclassified_Klebsiella_species
Klebsiella	Klebsiella_sp_MS_92_3_species
Cronobacter	Cronobacter_malonaticus
Cronobacter	Cronobacter_sakazakii
Peptoniphilaceae	Peptoniphilus
Peptoniphilaceae	Anaerococcus
Peptoniphilaceae	Parvimonas
Peptoniphilaceae	Finegoldia
Pyramidobacter	Pyramidobacter_piscolens
Planctomycetaceae	Rhodopirellula
Erysipelotrichaceae	Erysipelatoclostridium
Erysipelotrichaceae	Catenibacterium
Erysipelotrichaceae	Coprobacillus
Erysipelotrichaceae	Solobacterium
Erysipelotrichaceae	Eggerthia
Erysipelotrichaceae	Bulleidia
Erysipelotrichaceae	Turicibacter
Erysipelotrichaceae	unclassified_Erysipelotrichaceae
Erysipelotrichaceae	Holdemania
Erysipelotrichaceae	Allobaculum
Erysipelotrichaceae	Erysipelotrichaceae_noname_genus
Erysipelotrichaceae	Erysipelotrichaceae_noname_genus_ccnu
Erysipelotrichaceae	Erysipelotrichaceae_noname_genus_ccnu2
Erysipelotrichaceae	Erysipelotrichaceae_noname_genus_ccnu2
Paracoccus	Paracoccus_denitrificans
Paracoccus	unclassified_Paracoccus
Aeromonas	unclassified_Aeromonas
Aeromonas	Aeromonas_veronii
Fretibacterium	Fretibacterium_fastidiosum
Enterococcaceae	Enterococcus
Leuconostocaceae	Weissella
Leuconostocaceae	Leuconostoc
Rheinheimera	unclassified_Rheinheimera
Eubacteriaceae	Eubacterium
Eubacteriaceae	Anaerofustis
Eubacteriaceae	Pseudoramibacter
Yersinia	unclassified_Yersinia_species
Citrobacter	Citrobacter_koseri
Citrobacter	Citrobacter_freundii_complex
Citrobacter	unclassified_Citrobacter_species
Ruminococcaceae	Subdoligranulum
Ruminococcaceae	Pseudoflavonifractor
Ruminococcaceae	Flavonifractor
Ruminococcaceae	Faecalibacterium
Ruminococcaceae	Ruminococcus
Ruminococcaceae	unclassified_Ruminococcaceae
Ruminococcaceae	Anaerotruncus
Aerococcaceae	Abiotrophia
Clostridiales_incertae_sedis	Clostridiales_Family_XIII_Incertae_Sedis
unclassified_Burkholderiales__miscellaneous	Burkholderiales_bacterium_1_1_47
Pseudomonas	Pseudomonas_aeruginosa_group
Pseudomonas	Pseudomonas_chlororaphis_group
Pseudomonas	unclassified_Pseudomonas
Pseudomonas	Pseudomonas_putida_group
Bacillaceae	Bacillus
Bacillaceae	Lysinibacillus
Microbacteriaceae	Agromyces
Microbacteriaceae	Leifsonia
Microbacteriaceae	Leucobacter
Shewanella	unclassified_Shewanella
Citromicrobium	unclassified_Citromicrobium_species
Cetobacterium	Cetobacterium_somerae
Thermaceae	Meiothermus
Comamonas	unclassified_Comamonas_species
Buchnera	Buchnera_aphidicola
Lachnospiraceae	Oribacterium
Lachnospiraceae	Marvinbryantia
Lachnospiraceae	Butyrivibrio
Lachnospiraceae	unclassified_Lachnospiraceae
Lachnospiraceae	Roseburia
Lachnospiraceae	Lachnoclostridium
Lachnospiraceae	Dorea
Lachnospiraceae	Shuttleworthia
Lachnospiraceae	Stomatobaculum
Lachnospiraceae	Coprococcus
Lachnospiraceae	Anaerostipes
Lachnospiraceae	Lachnoanaerobaculum
Lachnospiraceae	Blautia
Lachnospiraceae	Lachnospiraceae_noname_genus
Succinatimonas	Succinatimonas_hippei
Variovorax	unclassified_Variovorax
Deinococcaceae	Deinococcus
Caulobacter	unclassified_Caulobacter_species
Carnobacteriaceae	Granulicatella
Parasutterella	Parasutterella_excrementihominis
Sutterella	Sutterella_parvirubra
Sutterella	Sutterella_wadsworthensis
Shinella	Shinella_zoogloeoides
Neisseria	Neisseria_subflava
Neisseria	Neisseria_meningitidis
Neisseria	Neisseria_macacae
Neisseria	Neisseria_elongata
Neisseria	Neisseria_flavescens
Neisseria	Neisseria_sicca
Neisseria	unclassified_Neisseria_species
Escherichia	Escherichia_albertii
Escherichia	Escherichia_fergusonii
Escherichia	Escherichia_coli
Escherichia	unclassified_Escherichia_species
Escherichia	Escherichia_hermannii_species
Sphingopyxis	unclassified_Sphingopyxis_species
Propionibacteriaceae	Propionibacterium
Propionibacteriaceae	unclassified_Propionibacteriaceae
Propionibacteriaceae	Microlunatus
Dermatophilaceae	unclassified_Dermatophilaceae
Proteus	Proteus_mirabilis
Proteus	Proteus_penneri
Proteus	unclassified_Proteus
Sphingobacteriales	Sphingobacteriaceae
Bartonella	unclassified_Bartonella_species
Nocardioidaceae	Nocardioides
Staphylococcaceae	Staphylococcus
Alicyclobacillaceae	Alicyclobacillus
Actinobacillus	unclassified_Actinobacillus_species
Brachyspira	Brachyspira_pilosicoli
Brachyspira	unclassified_Brachyspira_species
Clostridiaceae	Clostridium
Clostridiaceae	Butyricicoccus
Clostridiaceae	unclassified_Clostridiaceae
Sphingobium	unclassified_Sphingobium_species
Providencia	Providencia_alcalifaciens
Providencia	Providencia_stuartii
Providencia	unclassified_Providencia_species
Desulfovibrionaceae	Bilophila
Desulfovibrionaceae	Desulfovibrio
Actinomycetaceae	Actinomyces
Actinomycetaceae	Varibaculum
Actinomycetaceae	Mobiluncus
Chlorobiales	Chlorobiaceae
Lautropia	Lautropia_mirabilis
Granulicella	unclassified_Granulicella_species
Acinetobacter	unclassified_Acinetobacter
Acinetobacter	Acinetobacter_parvus
Acinetobacter	Acinetobacter_junii
Acinetobacter	Acinetobacter_ursingii
Dermabacteraceae	Brachybacterium
Corynebacteriaceae	Corynebacterium
Pseudoxanthomonas	unclassified_Pseudoxanthomonas_species
Flavobacteriales	Flavobacteriaceae
Burkholderia	unclassified_Burkholderia_species
Pseudoalteromonas	Pseudoalteromonas_haloplanktis
Pseudoalteromonas	Pseudoalteromonas_undina
Methanocaldococcaceae	unclassified_Methanocaldococcaceae_genus
Limnohabitans	unclassified_Limnohabitans_species
Pantoea	unclassified_Pantoea_species
Micrococcaceae	Kocuria
Micrococcaceae	Rothia
Eggerthellaceae	Eggerthella
Eggerthellaceae	Adlercreutzia
Eggerthellaceae	Slackia
Eggerthellaceae	Cryptobacterium
Eggerthellaceae	Gordonibacter
Plesiomonas	Plesiomonas_shigelloides
Candidatus_Zinderia	Candidatus_Zinderia_insecticola
Enhydrobacter	Enhydrobacter_aerosaccus
unclassified_Enterobacteriaceae	unclassified_Enterobacteriaceae__miscellaneous
Morganella	Morganella_morganii
Clostridiales_noname_family	Clostridiales_noname_genus
Candidatus_Saccharibacteria_noname_order	Candidatus_Saccharibacteria_noname_family
Candidatus_Saccharibacteria_noname_order_ccnu	Candidatus_Saccharibacteria_noname_family_ccnu
Candidatus_Saccharibacteria_noname_order_ccnu2	Candidatus_Saccharibacteria_noname_family_ccnu2
Oxalobacter	Oxalobacter_formigenes
Aggregatibacter	Aggregatibacter_segnis
Aggregatibacter	Aggregatibacter_aphrophilus
Aggregatibacter	unclassified_Aggregatibacter_species
Halobacteroidaceae	unclassified_Halobacteroidaceae
Enterobacter	Enterobacter_mori
Enterobacter	Enterobacter_cloacae_complex
Enterobacter	Enterobacter_aerogenes_species
Haemophilus	Haemophilus_haemolyticus
Haemophilus	Haemophilus_parainfluenzae
Haemophilus	Haemophilus_paraphrohaemolyticus
Haemophilus	Haemophilus_influenzae
Haemophilus	Haemophilus_parahaemolyticus
Haemophilus	Haemophilus_pittmaniae
Haemophilus	Haemophilus_sputorum
Bacillales_incertae_sedis	Bacillales_Family_XI_Incertae_Sedis
unclassified_Micrococcales	Tropheryma
Brevibacteriaceae	Brevibacterium
unclassified_Clostridiales	Bacteroides_pectinophilus
unclassified_Clostridiales	unclassified_Clostridiales__miscellaneous
Chromobacterium_group	Chromobacterium
Halomonas	Halomonas_boliviensis
Halomonas	unclassified_Halomonas_species
Mesorhizobium	unclassified_Mesorhizobium
saccharomyceta	Saccharomycotina
saccharomyceta	Pezizomycotina
Shuttleworthia	Shuttleworthia_satelles
Sphingobacteriaceae	Pedobacter
Sphingobacteriaceae	Sphingobacterium
Saccharomycotina	Saccharomycetes
Mitsuokella	Mitsuokella_multacida
Mitsuokella	unclassified_Mitsuokella_species
Parascardovia	Parascardovia_denticolens
Erysipelatoclostridium	Clostridium_innocuum
Erysipelatoclostridium	Clostridium_spiroforme
Faecalibacterium	Faecalibacterium_prausnitzii
Deinococcus	unclassified_Deinococcus_species
Catenibacterium	Catenibacterium_mitsuokai
Collinsella	Collinsella_intestinalis
Collinsella	Collinsella_aerofaciens
Collinsella	Collinsella_tanakaei
Collinsella	Collinsella_stercoris
Collinsella	unclassified_Collinsella_species
Coprobacillus	Coprobacillus_sp_29_1_species
Coprobacillus	Coprobacillus_sp_D6_species
Coprobacillus	unclassified_Coprobacillus_species
Kocuria	Kocuria_rhizophila
Kocuria	unclassified_Kocuria_species
Atopobium	Atopobium_minutum
Atopobium	Atopobium_parvulum
Atopobium	Atopobium_rimae
Atopobium	Atopobium_vaginae
Oribacterium	Oribacterium_sinus
Mobiluncus	Mobiluncus_curtisii
Mobiluncus	unclassified_Mobiluncus_species
Pseudomonas_aeruginosa_group	Pseudomonas_aeruginosa
Pseudomonas_aeruginosa_group	Pseudomonas_alcaligenes
Rikenellaceae	Alistipes
Eggerthella	Eggerthella_sp_1_3_56FAA
Eggerthella	Eggerthella_lenta
Eggerthella	unclassified_Eggerthella_species
Rothia	Rothia_mucilaginosa
Rothia	Rothia_dentocariosa
Rothia	Rothia_aeria
Rothia	unclassified_Rothia_species
Lactococcus	Lactococcus_raffinolactis
Lactococcus	Lactococcus_lactis
Lactococcus	Lactococcus_garvieae
Finegoldia	Finegoldia_magna
Roseburia	Roseburia_inulinivorans
Roseburia	Roseburia_hominis
Roseburia	Roseburia_intestinalis
Roseburia	unclassified_Roseburia_species
Butyricicoccus	Butyricicoccus_pullicaecorum
Gordonibacter	Gordonibacter_pamelaeae
Granulicatella	Granulicatella_adiacens
Granulicatella	Granulicatella_elegans
Granulicatella	unclassified_Granulicatella_species
Chromobacterium	unclassified_Chromobacterium_species
Gardnerella	Gardnerella_vaginalis
Stomatobaculum	Stomatobaculum_longum
Pseudomonas_chlororaphis_group	Pseudomonas_fragi
Coprococcus	Coprococcus_catus
Coprococcus	Coprococcus_eutactus
Coprococcus	Coprococcus_comes
Coprococcus	Coprococcus_sp_ART55_1_species
Pseudoflavonifractor	Pseudoflavonifractor_capillosus
Adlercreutzia	Adlercreutzia_equolifaciens
Solobacterium	Solobacterium_moorei
Streptococcus	Streptococcus_cristatus
Streptococcus	Streptococcus_infantarius
Streptococcus	Streptococcus_agalactiae
Streptococcus	Streptococcus_gordonii
Streptococcus	Streptococcus_dysgalactiae_group
Streptococcus	Streptococcus_australis
Streptococcus	Streptococcus_parasanguinis
Streptococcus	Streptococcus_vestibularis
Streptococcus	Streptococcus_salivarius
Streptococcus	Streptococcus_macedonicus
Streptococcus	Streptococcus_peroris
Streptococcus	Streptococcus_pasteurianus
Streptococcus	Streptococcus_thermophilus
Streptococcus	Streptococcus_lutetiensis
Streptococcus	Streptococcus_mutans
Streptococcus	Streptococcus_gallolyticus
Streptococcus	Streptococcus_sanguinis
Streptococcus	Streptococcus_pseudopneumoniae
Streptococcus	Streptococcus_infantis
Streptococcus	Streptococcus_anginosus_group
Streptococcus	Streptococcus_sobrinus
Streptococcus	Streptococcus_parauberis
Streptococcus	Streptococcus_massiliensis
Streptococcus	Streptococcus_mitis_oralis_pneumoniae_species
Streptococcus	Streptococcus_oligofermentans_species
Streptococcus	Streptococcus_tigurinus_species
Slackia	Slackia_exigua
Slackia	Slackia_piriformis
Slackia	unclassified_Slackia_species
Enterobacter_cloacae_complex	Enterobacter_hormaechei
Enterobacter_cloacae_complex	Enterobacter_cloacae
Enterobacter_cloacae_complex	Enterobacter_asburiae
unclassified_Coriobacteriaceae	Coriobacteriaceae_bacterium_BV3Ac1
Peptostreptococcaceae_noname_genus	Clostridium_bifermentans_species
Actinomyces	Actinomyces_turicensis
Actinomyces	Actinomyces_cardiffensis
Actinomyces	Actinomyces_johnsonii
Actinomyces	Actinomyces_sp_HPA0247
Actinomyces	Actinomyces_naeslundii
Actinomyces	Actinomyces_massiliensis
Actinomyces	Actinomyces_odontolyticus
Actinomyces	Actinomyces_graevenitzii
Actinomyces	Actinomyces_oris
Actinomyces	Actinomyces_sp_ICM47
Actinomyces	Actinomyces_viscosus
unclassified_Clostridiaceae	Clostridiaceae_bacterium_JC118
Peptostreptococcaceae_noname_genus_ccnu	unclassified_Peptostreptococcaceae_noname_species
Erysipelotrichaceae_noname_genus	Eubacterium_biforme_species
Erysipelotrichaceae_noname_genus_ccnu	Eubacterium_cylindroides_species
Candidatus_Saccharibacteria_noname_family	unclassified_Candidatus_Saccharibacteria_noname_genus
Peptostreptococcaceae_noname_genus_ccnu2	Clostridium_bartlettii_species
Bacteroidales_noname_family	Bacteroidales_noname_genus
Clostridiales_noname_genus	Clostridiales_genomosp_BVAB3_species
Coriobacteriaceae_noname_genus	Coriobacteriaceae_bacterium_phI_species
Candidatus_Saccharibacteria_noname_family_ccnu	Candidatus_Saccharibacteria_noname_genus
Candidatus_Saccharibacteria_noname_family_ccnu2	Candidatus_Saccharibacteria_noname_genus_ccnu
Lachnospiraceae_noname_genus	Lachnospiraceae_bacterium_ICM7_species
Peptostreptococcaceae_noname_genus_ccnu2	Clostridium_glycolicum_species
Erysipelotrichaceae_noname_genus_ccnu2	Clostridium_ramosum_species
Erysipelotrichaceae_noname_genus_ccnu2	Eubacterium_dolichum_species
Peptostreptococcaceae_noname_genus_ccnu2	Clostridium_difficile_species
Peptostreptococcaceae_noname_genus_ccnu2	Clostridium_sordellii_species
Phascolarctobacterium	Phascolarctobacterium_succinatutens
Flavonifractor	Flavonifractor_plautii
Anaeroglobus	Anaeroglobus_geminatus
Cryptobacterium	Cryptobacterium_curtum
Megasphaera	Megasphaera_elsdenii
Megasphaera	Megasphaera_micronuciformis
Megasphaera	unclassified_Megasphaera_species
Anaerotruncus	Anaerotruncus_colihominis
Anaerotruncus	unclassified_Anaerotruncus_species
Holdemania	Holdemania_filiformis
Holdemania	Holdemania_sp_AP2_species
Holdemania	unclassified_Holdemania_species
Lysinibacillus	Lysinibacillus_sphaericus
Lysinibacillus	Lysinibacillus_fusiformis
Lysinibacillus	unclassified_Lysinibacillus_species
Clostridium	Clostridium_sp_KLE_1755
Clostridium	Clostridium_sp_HGF2
Clostridium	Clostridium_butyricum
Clostridium	Clostridium_celatum
Clostridium	Clostridium_sp_D5
Clostridium	Clostridium_sp_7_2_43FAA
Clostridium	Clostridium_sp_MSTE9
Clostridium	Clostridium_perfringens
Clostridium	Clostridium_hathewayi_species
Clostridium	Clostridium_nexile_species
Clostridium	Clostridium_sp_L2_50_species
Clostridium	Clostridium_sp_ATCC_BAA_442_species
Clostridium	Clostridium_phytofermentans_species
Peptostreptococcus	Peptostreptococcus_stomatis
Peptostreptococcus	Peptostreptococcus_anaerobius
Peptostreptococcus	unclassified_Peptostreptococcus_species
Enterococcus	Enterococcus_casseliflavus
Enterococcus	Enterococcus_gallinarum
Enterococcus	Enterococcus_asini
Enterococcus	Enterococcus_faecium
Enterococcus	Enterococcus_raffinosus
Enterococcus	Enterococcus_hirae
Enterococcus	Enterococcus_pallens
Enterococcus	Enterococcus_faecalis
Enterococcus	Enterococcus_avium
Agromyces	unclassified_Agromyces_species
Veillonella	Veillonella_dispar
Veillonella	Veillonella_sp_3_1_44
Veillonella	Veillonella_atypica
Veillonella	Veillonella_ratti
Veillonella	Veillonella_parvula
Veillonella	unclassified_Veillonella_species
Varibaculum	Varibaculum_cambriense
Staphylococcus	Staphylococcus_equorum
Staphylococcus	Staphylococcus_aureus
Staphylococcus	Staphylococcus_xylosus
Bacillus	Bacillus_cereus_thuringiensis_species
Alicyclobacillus	Alicyclobacillus_pohliae_species
Peptoniphilus	Peptoniphilus_sp_oral_taxon_836
Peptoniphilus	Peptoniphilus_harei
Peptoniphilus	Peptoniphilus_lacrimalis
Peptoniphilus	Peptoniphilus_duerdenii
Weissella	Weissella_paramesenteroides
Weissella	Weissella_cibaria
Weissella	Weissella_confusa
Weissella	unclassified_Weissella_species
Pediococcus	Pediococcus_pentosaceus
Pediococcus	Pediococcus_acidilactici_group
Pediococcus	unclassified_Pediococcus
Pediococcus	Pediococcus_lolii_species
Methanosphaera	Methanosphaera_stadtmanae
Helicobacter	Helicobacter_pullorum
Helicobacter	Helicobacter_pylori
Eubacterium	Eubacterium_sp_3_1_31
Eubacterium	Eubacterium_ventriosum
Eubacterium	Eubacterium_ramulus
Eubacterium	Eubacterium_limosum
Eubacterium	Eubacterium_eligens
Eubacterium	Eubacterium_hallii
Brachybacterium	unclassified_Brachybacterium_species
unclassified_Ruminococcaceae	Clostridium_leptum
unclassified_Ruminococcaceae	unclassified_Ruminococcaceae__miscellaneous
unclassified_Ruminococcaceae	Eubacterium_siraeum
unclassified_Ruminococcaceae	Clostridium_methylpentosum
unclassified_Enterobacteriaceae__miscellaneous	Enterobacteriaceae_bacterium_9_2_54FAA
Leifsonia	unclassified_Leifsonia_species
Eggerthia	Eggerthia_catenaformis
Lachnoclostridium	Clostridium_scindens
Lachnoclostridium	Clostridium_citroniae
Lachnoclostridium	Clostridium_asparagiforme
Lachnoclostridium	Clostridium_hylemonae
Lachnoclostridium	Clostridium_bolteae
Lachnoclostridium	Clostridium_clostridioforme
Lachnoclostridium	Clostridium_symbiosum
Bifidobacterium	Bifidobacterium_pseudocatenulatum
Bifidobacterium	Bifidobacterium_adolescentis
Bifidobacterium	Bifidobacterium_pseudolongum
Bifidobacterium	Bifidobacterium_animalis
Bifidobacterium	Bifidobacterium_catenulatum
Bifidobacterium	Bifidobacterium_dentium
Bifidobacterium	Bifidobacterium_angulatum
Bifidobacterium	Bifidobacterium_longum
Bifidobacterium	Bifidobacterium_bifidum
Bifidobacterium	Bifidobacterium_breve
Anaerostipes	Anaerostipes_caccae
Anaerostipes	Anaerostipes_hadrus
Anaerostipes	unclassified_Anaerostipes_species
Bacteroidaceae	Bacteroides
Meiothermus	Meiothermus_silvanus
Blautia	Blautia_hydrogenotrophica
Blautia	Blautia_producta
Blautia	Blautia_hansenii
Blautia	Ruminococcus_torques
Blautia	Ruminococcus_gnavus
Blautia	Ruminococcus_obeum_species
Leuconostoc	Leuconostoc_mesenteroides
Leuconostoc	Leuconostoc_carnosum
Leuconostoc	Leuconostoc_citreum
Leuconostoc	Leuconostoc_pseudomesenteroides
Leuconostoc	Leuconostoc_lactis
Leuconostoc	Leuconostoc_kimchii
Leuconostoc	unclassified_Leuconostoc_species
Dialister	Dialister_succinatiphilus
Dialister	Dialister_micraerophilus
Dialister	Dialister_invisus
Lachnoanaerobaculum	Lachnoanaerobaculum_saburreum
unclassified_Lachnospiraceae	Eubacterium_rectale
unclassified_Lachnospiraceae	Lachnospiraceae_bacterium_4_1_37FAA
unclassified_Lachnospiraceae	Lachnospiraceae_bacterium_6_1_63FAA
unclassified_Lachnospiraceae	Lachnospiraceae_bacterium_8_1_57FAA
unclassified_Lachnospiraceae	Lachnospiraceae_bacterium_5_1_57FAA
unclassified_Lachnospiraceae	Lachnospiraceae_bacterium_5_1_63FAA
unclassified_Lachnospiraceae	Lachnospiraceae_bacterium_9_1_43BFAA
unclassified_Lachnospiraceae	Lachnospiraceae_bacterium_3_1_57FAA_CT1
unclassified_Lachnospiraceae	Lachnospiraceae_bacterium_3_1_46FAA
unclassified_Lachnospiraceae	Lachnospiraceae_bacterium_7_1_58FAA
unclassified_Lachnospiraceae	Lachnospiraceae_bacterium_oral_taxon_082
unclassified_Lachnospiraceae	Lachnospiraceae_bacterium_2_1_58FAA
unclassified_Lachnospiraceae	Lachnospiraceae_bacterium_1_4_56FAA
unclassified_Lachnospiraceae	Lachnospiraceae_bacterium_2_1_46FAA
unclassified_Lachnospiraceae	Lachnospiraceae_bacterium_1_1_57FAA
Pseudomonas_putida_group	Pseudomonas_putida
Mycoplasma	Mycoplasma_bovis
Brevibacterium	Brevibacterium_casei
Brevibacterium	unclassified_Brevibacterium_species
Lactobacillus	Lactobacillus_iners
Lactobacillus	Lactobacillus_brevis
Lactobacillus	Lactobacillus_gasseri
Lactobacillus	Lactobacillus_pentosus
Lactobacillus	Lactobacillus_saerimneri
Lactobacillus	Lactobacillus_equicursoris
Lactobacillus	Lactobacillus_ruminis
Lactobacillus	Lactobacillus_crispatus
Lactobacillus	Lactobacillus_delbrueckii
Lactobacillus	Lactobacillus_helveticus
Lactobacillus	Lactobacillus_gastricus
Lactobacillus	Lactobacillus_ultunensis
Lactobacillus	Lactobacillus_curvatus
Lactobacillus	Lactobacillus_antri
Lactobacillus	Lactobacillus_sanfranciscensis
Lactobacillus	Lactobacillus_reuteri
Lactobacillus	Lactobacillus_farciminis
Lactobacillus	Lactobacillus_fermentum
Lactobacillus	Lactobacillus_amylovorus
Lactobacillus	Lactobacillus_mucosae
Lactobacillus	Lactobacillus_vaginalis
Lactobacillus	Lactobacillus_plantarum
Lactobacillus	Lactobacillus_acidophilus
Lactobacillus	Lactobacillus_salivarius
Lactobacillus	Lactobacillus_oris
Lactobacillus	Lactobacillus_sakei
Lactobacillus	Lactobacillus_johnsonii
Lactobacillus	Lactobacillus_rhamnosus
Lactobacillus	Lactobacillus_casei_paracasei_species
Selenomonas	Selenomonas_noxia
Selenomonas	Selenomonas_flueggei
Olsenella	Olsenella_uli
Olsenella	Olsenella_sp_oral_taxon_809
Olsenella	unclassified_Olsenella_species
Campylobacter	Campylobacter_showae
Campylobacter	Campylobacter_ureolyticus
Campylobacter	Campylobacter_gracilis
Campylobacter	Campylobacter_concisus
Campylobacter	Campylobacter_hominis
Pseudoramibacter	Pseudoramibacter_alactolyticus
Butyrivibrio	Butyrivibrio_crossotus
Butyrivibrio	unclassified_Butyrivibrio_species
Porphyromonadaceae	Porphyromonas
Chlorobiaceae	Chlorobium/Pelodictyon_group
Dysgonamonadaceae	Dysgonomonas
unclassified_Peptostreptococcaceae	Clostridium_hiranonis
Subdoligranulum	Subdoligranulum_sp_4_3_54A2FAA
Subdoligranulum	Subdoligranulum_variabile
Subdoligranulum	unclassified_Subdoligranulum_species
Leucobacter	unclassified_Leucobacter_species
Tropheryma	Tropheryma_whipplei
Pezizomycotina	leotiomyceta
Methanobrevibacter	Methanobrevibacter_smithii
Methanobrevibacter	unclassified_Methanobrevibacter_species
Abiotrophia	Abiotrophia_defectiva
Marvinbryantia	Marvinbryantia_formatexigens
Bilophila	Bilophila_wadsworthia
Bilophila	unclassified_Bilophila_species
Desulfovibrio	Desulfovibrio_piger
Desulfovibrio	Desulfovibrio_desulfuricans
Dorea	Dorea_longicatena
Dorea	Dorea_formicigenerans
Dorea	unclassified_Dorea_species
unclassified_Clostridiales__miscellaneous	Clostridiales_bacterium_1_7_47FAA
Anaerococcus	Anaerococcus_tetradius
Anaerococcus	Anaerococcus_lactolyticus
Anaerococcus	Anaerococcus_prevotii
Anaerococcus	Anaerococcus_obesiensis
Anaerococcus	Anaerococcus_vaginalis
Odoribacteraceae	Odoribacter
Odoribacteraceae	Butyricimonas
Megamonas	Megamonas_funiformis
Megamonas	Megamonas_rupellensis
Megamonas	Megamonas_hypermegale
Megamonas	unclassified_Megamonas_species
Barnesiellaceae	Barnesiella
Barnesiellaceae	Coprobacter
Scardovia	Scardovia_wiggsiae
Scardovia	unclassified_Scardovia_species
Clostridiales_Family_XIII_Incertae_Sedis	Eubacterium_infirmum
Clostridiales_Family_XIII_Incertae_Sedis	Eubacterium_saphenum
Clostridiales_Family_XIII_Incertae_Sedis	Eubacterium_brachy
Clostridiales_Family_XIII_Incertae_Sedis	unclassified_Clostridiales_Family_XIII_Incertae_Sedis
Corynebacterium	Corynebacterium_matruchotii
Corynebacterium	Corynebacterium_glutamicum
Corynebacterium	Corynebacterium_aurimucosum
Corynebacterium	Corynebacterium_amycolatum
Corynebacterium	Corynebacterium_durum
Xanthomonas_citri_group	Xanthomonas_citri
Xanthomonas_citri_group	Xanthomonas_fuscans
Acidaminococcus	Acidaminococcus_fermentans
Acidaminococcus	Acidaminococcus_intestini
Acidaminococcus	unclassified_Acidaminococcus_species
Microlunatus	Microlunatus_phosphovorus
Ruminococcus	Ruminococcus_champanellensis
Ruminococcus	Ruminococcus_sp_5_1_39BFAA
Ruminococcus	Ruminococcus_sp_JC304
Ruminococcus	Ruminococcus_albus
Ruminococcus	Ruminococcus_lactaris
Ruminococcus	Ruminococcus_flavefaciens
Ruminococcus	Ruminococcus_callidus
Ruminococcus	Ruminococcus_bromii
unclassified_Erysipelotrichaceae	unclassified_Erysipelotrichaceae__miscellaneous
Allobaculum	Allobaculum_stercoricanis
Turicibacter	Turicibacter_sanguinis
Turicibacter	unclassified_Turicibacter_species
Parvimonas	Parvimonas_micra
Parvimonas	unclassified_Parvimonas
Akkermansia	Akkermansia_muciniphila
Bulleidia	Bulleidia_extructa
Oscillibacter	Oscillibacter_sp_KLE_1745
Oscillibacter	Oscillibacter_sp_KLE_1728
Oscillibacter	unclassified_Oscillibacter_species
Alloscardovia	Alloscardovia_omnicolens
Tannerellaceae	Parabacteroides
Citrobacter_freundii_complex	Citrobacter_freundii
Prevotellaceae	Paraprevotella
Prevotellaceae	Alloprevotella
Prevotellaceae	Prevotella
Propionibacterium	Propionibacterium_freudenreichii
Propionibacterium	Propionibacterium_propionicum_species
Anaerofustis	Anaerofustis_stercorihominis
Nocardioides	unclassified_Nocardioides_species
Flavobacteriaceae	Riemerella
Flavobacteriaceae	Cellulophaga
Flavobacteriaceae	Zunongwangia
Bacillales_Family_XI_Incertae_Sedis	Gemella
Rhodopirellula	unclassified_Rhodopirellula_species
Saccharomycetes	Saccharomycetales
Bacteroides	Bacteroides_nordii
Bacteroides	Bacteroides_stercoris
Bacteroides	Bacteroides_barnesiae
Bacteroides	Bacteroides_fluxus
Bacteroides	Bacteroides_salyersiae
Bacteroides	Bacteroides_ovatus
Bacteroides	Bacteroides_coprocola
Bacteroides	Bacteroides_sp_3_2_5
Bacteroides	Bacteroides_sp_4_3_47FAA
Bacteroides	Bacteroides_faecis
Bacteroides	Bacteroides_intestinalis
Bacteroides	Bacteroides_coprophilus
Bacteroides	Bacteroides_gallinarum
Bacteroides	Bacteroides_uniformis
Bacteroides	Bacteroides_xylanisolvens
Bacteroides	Bacteroides_sp_3_1_19
Bacteroides	Bacteroides_oleiciplenus
Bacteroides	Bacteroides_sp_2_1_22
Bacteroides	Bacteroides_fragilis
Bacteroides	Bacteroides_dorei
Bacteroides	Bacteroides_thetaiotaomicron
Bacteroides	Bacteroides_vulgatus
Bacteroides	Bacteroides_clarus
Bacteroides	Bacteroides_eggerthii
Bacteroides	Bacteroides_salanitronis
Bacteroides	Bacteroides_sp_2_2_4
Bacteroides	Bacteroides_cellulosilyticus
Bacteroides	Bacteroides_massiliensis
Bacteroides	Bacteroides_caccae
Bacteroides	Bacteroides_finegoldii
Bacteroides	Bacteroides_plebeius
Bacteroides	Bacteroides_sp_2_1_56FAA_species
Cellulophaga	unclassified_Cellulophaga_species
leotiomyceta	Eurotiomycetes
Bacteroidales_noname_genus	Bacteroidales_bacterium_ph8_species
Candidatus_Saccharibacteria_noname_genus	candidate_division_TM7_single_cell_isolate_TM7b_species
Candidatus_Saccharibacteria_noname_genus_ccnu	candidate_division_TM7_single_cell_isolate_TM7c_species
Riemerella	unclassified_Riemerella_species
Chlorobium/Pelodictyon_group	Chlorobium
Sphingobacterium	unclassified_Sphingobacterium_species
Odoribacter	Odoribacter_splanchnicus
Odoribacter	Odoribacter_laneus
Odoribacter	unclassified_Odoribacter_species
unclassified_Ruminococcaceae__miscellaneous	Ruminococcaceae_bacterium_D16
Pedobacter	unclassified_Pedobacter_species
Dysgonomonas	Dysgonomonas_gadei
Dysgonomonas	Dysgonomonas_mossii
Dysgonomonas	unclassified_Dysgonomonas_species
Pediococcus_acidilactici_group	Pediococcus_acidilactici
Alistipes	Alistipes_senegalensis
Alistipes	Alistipes_finegoldii
Alistipes	Alistipes_onderdonkii
Alistipes	Alistipes_putredinis
Alistipes	Alistipes_sp_HGB5
Alistipes	Alistipes_indistinctus
Alistipes	Alistipes_shahii
Alistipes	Alistipes_sp_AP11_species
Alistipes	unclassified_Alistipes_species
Butyricimonas	Butyricimonas_synergistica
Porphyromonas	Porphyromonas_asaccharolytica
Porphyromonas	Porphyromonas_somerae
Porphyromonas	Porphyromonas_endodontalis
Porphyromonas	Porphyromonas_bennonis
Porphyromonas	Porphyromonas_uenonis
Porphyromonas	Porphyromonas_gingivalis
Zunongwangia	Zunongwangia_profunda
Paraprevotella	Paraprevotella_clara
Paraprevotella	Paraprevotella_xylaniphila
Paraprevotella	unclassified_Paraprevotella_species
Alloprevotella	Alloprevotella_tannerae
Alloprevotella	unclassified_Alloprevotella_species
Prevotella	Prevotella_stercorea
Prevotella	Prevotella_melaninogenica
Prevotella	Prevotella_bergensis
Prevotella	Prevotella_oris
Prevotella	Prevotella_denticola
Prevotella	Prevotella_salivae
Prevotella	Prevotella_bivia
Prevotella	Prevotella_copri
Prevotella	Prevotella_disiens
Prevotella	Prevotella_amnii
Prevotella	Prevotella_oralis
Prevotella	Prevotella_buccae
Prevotella	Prevotella_histicola
Prevotella	Prevotella_buccalis
Prevotella	Prevotella_timonensis
Gemella	Gemella_morbillorum
Gemella	Gemella_sanguinis
Gemella	Gemella_haemolysans
Gemella	unclassified_Gemella_species
unclassified_Erysipelotrichaceae__miscellaneous	Erysipelotrichaceae_bacterium_2_2_44A
unclassified_Erysipelotrichaceae__miscellaneous	Erysipelotrichaceae_bacterium_5_2_54FAA
unclassified_Erysipelotrichaceae__miscellaneous	Erysipelotrichaceae_bacterium_6_1_45
unclassified_Erysipelotrichaceae__miscellaneous	Erysipelotrichaceae_bacterium_3_1_53
unclassified_Erysipelotrichaceae__miscellaneous	Erysipelotrichaceae_bacterium_21_3
Parabacteroides	Parabacteroides_sp_20_3
Parabacteroides	Parabacteroides_merdae
Parabacteroides	Parabacteroides_johnsonii
Parabacteroides	Parabacteroides_sp_D13
Parabacteroides	Parabacteroides_goldsteinii
Parabacteroides	Parabacteroides_distasonis
Parabacteroides	unclassified_Parabacteroides_species
Streptococcus_dysgalactiae_group	Streptococcus_dysgalactiae
Barnesiella	Barnesiella_intestinihominis
Coprobacter	Coprobacter_fastidiosus
Streptococcus_anginosus_group	Streptococcus_constellatus
Streptococcus_anginosus_group	Streptococcus_anginosus
Streptococcus_anginosus_group	Streptococcus_intermedius
Chlorobium	Chlorobium_phaeobacteroides
Saccharomycetales	Saccharomycetaceae
Eurotiomycetes	Eurotiomycetidae
Eurotiomycetidae	Eurotiales
Saccharomycetaceae	Saccharomyces
Saccharomycetaceae	Naumovozyma
Saccharomycetaceae	unclassified_Saccharomycetaceae
Eurotiales	Aspergillaceae
Saccharomyces	Saccharomyces_cerevisiae
Naumovozyma	unclassified_Naumovozyma_species
Aspergillaceae	Penicillium
Penicillium	Penicillium_chrysogenum_species_complex
Penicillium_chrysogenum_species_complex	Penicillium_chrysogenum
